alewis:andrew.lewis@enron.com
allen:k..allen@enron.com
arnold:john.arnold@enron.com
arora:harry.arora@enron.com
badeer:robert.badeer@enron.com
bagwell:jennifer.bagwell@enron.com
bailey:susan.bailey@enron.com
bass:eric.bass@enron.com
baughman:don.baughman@enron.com
beck:sally.beck@enron.com
benson:robert.benson@enron.com
blair:lynn.blair@enron.com
brawner:f..brawner@enron.com
brawners:sandra.brawner@enron.com
buy:rick.buy@enron.com
campbell:f..campbell@enron.com
carson:mike.carson@enron.com
cash:michelle.cash@enron.com
causholli:monika.causholli@enron.com
corman:shelley.corman@enron.com
crandall:sean.crandall@enron.com
cuilla:martin.cuilla@enron.com
dasovich:jeff.dasovich@enron.com
davis:dana.davis@enron.com
dean:craig.dean@enron.com
delainey:w..delainey@enron.com
derrick:james.derrick@enron.com
donoho:lindy.donoho@enron.com
donohoe:tom.donohoe@enron.com
dorland:chris.dorland@enron.com
ermis:frank.ermis@enron.com
evans:casey.evans@enron.com
farmer:j..farmer@enron.com
fischer:mary.fischer@enron.com
forney:m..forney@enron.com
gang:lisa.gang@enron.com
gay:l..gay@enron.com
geaccone:tracy.geaccone@enron.com
germany:chris.germany@enron.com
gilbertsmith:doug.gilbert-smith@enron.com
giron:c..giron@enron.com
griffith:john.griffith@enron.com
grigsby:mike.grigsby@enron.com
haedicke:e..haedicke@enron.com
hayslett:rod.hayslett@enron.com
heard:marie.heard@enron.com
hendrickson:scott.hendrickson@enron.com
hernandez:juan.hernandez@enron.com
hlewis:h..lewis@enron.com
hodge:john.hodge@enron.com
holst:keith.holst@enron.com
horton:stanley.horton@enron.com
hyatt:kevin.hyatt@enron.com
jones:tana.jones@enron.com
kaminski:j.kaminski@enron.com
kean:j..kean@enron.com
keavey:peter.keavey@enron.com
keaveyf:f..keavey@enron.com
keiser:kam.keiser@enron.com
king:jeff.king@enron.com
kitchen:louise.kitchen@enron.com
kuykendall:tori.kuykendall@enron.com
lavorato:lavorato@enron.com
lay:kenneth.lay@enron.com
lenhart:matthew.lenhart@enron.com
lokay:michelle.lokay@enron.com
lokey:teb.lokey@enron.com
love:m..love@enron.com
lucci:t..lucci@enron.com
maggi:mike.maggi@enron.com
mann:kay.mann@enron.com
martin:a..martin@enron.com
may:larry.may@enron.com
mccarty:danny.mccarty@enron.com
mcconnell:mark.mcconnell@enron.com
mckayb:brad.mckay@enron.com
mckayj:jonathan.mckay@enron.com
mclaughlin:errol.mclaughlin@enron.com
meyers:albert.meyers@enron.com
mims:l..mims@enron.com
motley:matt.motley@enron.com
neal:scott.neal@enron.com
nemec:gerald.nemec@enron.com
panus:stephanie.panus@enron.com
parks:joe.parks@enron.com
pereira:w..pereira@enron.com
perlingiere:debra.perlingiere@enron.com
pimenov:vladi.pimenov@enron.com
platter:phillip.platter@enron.com
presto:m..presto@enron.com
quenet:joe.quenet@enron.com
quigley:dutch.quigley@enron.com
rapp:bill.rapp@enron.com
reitmeyer:jay.reitmeyer@enron.com
richey:cooper.richey@enron.com
ringa:andrea.ring@enron.com
ringr:richard.ring@enron.com
rogers:benjamin.rogers@enron.com
ruscitti:kevin.ruscitti@enron.com
sager:elizabeth.sager@enron.com
saibi:eric.saibi@enron.com
salisbury:holden.salisbury@enron.com
sanchez:monique.sanchez@enron.com
sanders:b..sanders@enron.com
scholtes:diana.scholtes@enron.com
schoolcraft:darrell.schoolcraft@enron.com
schwieger:jim.schwieger@enron.com
scott:susan.scott@enron.com
semperger:cara.semperger@enron.com
shackleton:sara.shackleton@enron.com
shankman:a..shankman@enron.com
shankmanj:jeffrey.a.shankman@enron.com
shapiro:richard.shapiro@enron.com
shively:s..shively@enron.com
skilling:jeff.skilling@enron.com
slinger:ryan.slinger@enron.com
smith:matt.smith@enron.com
solberg:geir.solberg@enron.com
staab:theresa.staab@enron.com
steffes:d..steffes@enron.com
stepenovitch:joe.stepenovitch@enron.com
storey:geoff.storey@enron.com
sturm:j..sturm@enron.com
swerzbin:mike.swerzbin@enron.com
tholt:jane.tholt@enron.com
thomas:d..thomas@enron.com
townsend:judy.townsend@enron.com
tycholiz:barry.tycholiz@enron.com
ward:kim.ward@enron.com
watson:kimberly.watson@enron.com
weldon:charles.weldon@enron.com
whalley:greg.whalley@enron.com
white:w..white@enron.com
whitt:mark.whitt@enron.com
williams:jason.williams@enron.com
